﻿Name,condition,patient,institute
TCGA-A7-A13E-11A-61R-A12O-13,Tumor,TCGA-A7-A13E,A7
TCGA-A7-A13E-01A-11R-A27D-13,Normal,TCGA-A7-A13E,A7
TCGA-A7-A13F-11A-42R-A12O-13,Tumor,TCGA-A7-A13F,A7
TCGA-A7-A13F-01A-11R-A12O-13,Normal,TCGA-A7-A13F,A7
TCGA-A7-A13G-11A-51R-A13P-13,Tumor,TCGA-A7-A13G,A7
TCGA-A7-A13G-01A-11R-A13P-13,Normal,TCGA-A7-A13G,A7
TCGA-AC-A23H-11A-12R-A156-13,Tumor,TCGA-AC-A23H,AC
TCGA-AC-A23H-01A-11R-A156-13,Normal,TCGA-AC-A23H,AC
TCGA-AC-A2FB-11A-13R-A17A-13,Tumor,TCGA-AC-A2FB,AC
TCGA-AC-A2FB-01A-11R-A17A-13,Normal,TCGA-AC-A2FB,AC
TCGA-AC-A2FM-11B-32R-A19V-13,Tumor,TCGA-AC-A2FM,AC
TCGA-AC-A2FM-01A-11R-A19V-13,Normal,TCGA-AC-A2FM,AC
TCGA-BH-A0AU-11A-11R-A12O-13,Tumor,TCGA-BH-A0AU,BH
TCGA-BH-A0AU-01A-11R-A12O-13,Normal,TCGA-BH-A0AU,BH
TCGA-BH-A0AZ-11A-22R-A12O-13,Tumor,TCGA-BH-A0AZ,BH
TCGA-BH-A0AZ-01A-21R-A12O-13,Normal,TCGA-BH-A0AZ,BH
TCGA-BH-A0B5-11A-23R-A12O-13,Tumor,TCGA-BH-A0B5,BH
TCGA-BH-A0B5-01A-11R-A12O-13,Normal,TCGA-BH-A0B5,BH
TCGA-BH-A0B7-11A-34R-A114-13,Tumor,TCGA-BH-A0B7,BH
TCGA-BH-A0B7-01A-12R-A114-13,Normal,TCGA-BH-A0B7,BH
TCGA-BH-A0BQ-11A-33R-A114-13,Tumor,TCGA-BH-A0BQ,BH
TCGA-BH-A0BQ-01A-21R-A114-13,Normal,TCGA-BH-A0BQ,BH
TCGA-BH-A0BS-11A-11R-A12O-13,Tumor,TCGA-BH-A0BS,BH
TCGA-BH-A0BS-01A-11R-A12O-13,Normal,TCGA-BH-A0BS,BH
TCGA-BH-A0BT-11A-21R-A12O-13,Tumor,TCGA-BH-A0BT,BH
TCGA-BH-A0BT-01A-11R-A12O-13,Normal,TCGA-BH-A0BT,BH
TCGA-BH-A0BW-11A-12R-A114-13,Tumor,TCGA-BH-A0BW,BH
TCGA-BH-A0BW-01A-11R-A114-13,Normal,TCGA-BH-A0BW,BH
TCGA-BH-A0BZ-11A-61R-A12O-13,Tumor,TCGA-BH-A0BZ,BH
TCGA-BH-A0BZ-01A-31R-A12O-13,Normal,TCGA-BH-A0BZ,BH
TCGA-BH-A0C3-11A-23R-A12O-13,Tumor,TCGA-BH-A0C3,BH
TCGA-BH-A0C3-01A-21R-A12O-13,Normal,TCGA-BH-A0C3,BH
TCGA-BH-A0DD-11A-23R-A12O-13,Tumor,TCGA-BH-A0DD,BH
TCGA-BH-A0DD-01A-31R-A12O-13,Normal,TCGA-BH-A0DD,BH
TCGA-BH-A0DG-11A-43R-A12O-13,Tumor,TCGA-BH-A0DG,BH
TCGA-BH-A0DG-01A-21R-A12O-13,Normal,TCGA-BH-A0DG,BH
TCGA-BH-A0DL-11A-13R-A114-13,Tumor,TCGA-BH-A0DL,BH
TCGA-BH-A0DL-01A-11R-A114-13,Normal,TCGA-BH-A0DL,BH
TCGA-BH-A0DO-11A-22R-A12C-13,Tumor,TCGA-BH-A0DO,BH
TCGA-BH-A0DO-01B-11R-A12C-13,Normal,TCGA-BH-A0DO,BH
TCGA-BH-A0DT-11A-12R-A12C-13,Tumor,TCGA-BH-A0DT,BH
TCGA-BH-A0DT-01A-21R-A12C-13,Normal,TCGA-BH-A0DT,BH
TCGA-BH-A0DV-11A-22R-A12O-13,Tumor,TCGA-BH-A0DV,BH
TCGA-BH-A0DV-01A-21R-A12O-13,Normal,TCGA-BH-A0DV,BH
TCGA-BH-A0H5-11A-62R-A114-13,Tumor,TCGA-BH-A0H5,BH
TCGA-BH-A0H5-01A-21R-A114-13,Normal,TCGA-BH-A0H5,BH
TCGA-BH-A0HA-11A-31R-A12O-13,Tumor,TCGA-BH-A0HA,BH
TCGA-BH-A0HA-01A-11R-A12O-13,Normal,TCGA-BH-A0HA,BH
TCGA-BH-A18J-11A-31R-A12C-13,Tumor,TCGA-BH-A18J,BH
TCGA-BH-A18J-01A-11R-A12C-13,Normal,TCGA-BH-A18J,BH
TCGA-BH-A18K-11A-13R-A12C-13,Tumor,TCGA-BH-A18K,BH
TCGA-BH-A18K-01A-11R-A12C-13,Normal,TCGA-BH-A18K,BH
TCGA-BH-A18L-11A-42R-A12C-13,Tumor,TCGA-BH-A18L,BH
TCGA-BH-A18L-01A-32R-A12C-13,Normal,TCGA-BH-A18L,BH
TCGA-BH-A18M-11A-33R-A12C-13,Tumor,TCGA-BH-A18M,BH
TCGA-BH-A18M-01A-11R-A12C-13,Normal,TCGA-BH-A18M,BH
TCGA-BH-A18N-11A-43R-A12C-13,Tumor,TCGA-BH-A18N,BH
TCGA-BH-A18N-01A-11R-A12C-13,Normal,TCGA-BH-A18N,BH
TCGA-BH-A18P-11A-43R-A12C-13,Tumor,TCGA-BH-A18P,BH
TCGA-BH-A18P-01A-11R-A12C-13,Normal,TCGA-BH-A18P,BH
TCGA-BH-A18Q-11A-34R-A12C-13,Tumor,TCGA-BH-A18Q,BH
TCGA-BH-A18Q-01A-12R-A12C-13,Normal,TCGA-BH-A18Q,BH
TCGA-BH-A18R-11A-42R-A12C-13,Tumor,TCGA-BH-A18R,BH
TCGA-BH-A18R-01A-11R-A12C-13,Normal,TCGA-BH-A18R,BH
TCGA-BH-A18S-11A-43R-A12C-13,Tumor,TCGA-BH-A18S,BH
TCGA-BH-A18S-01A-11R-A12C-13,Normal,TCGA-BH-A18S,BH
TCGA-BH-A18U-11A-23R-A12C-13,Tumor,TCGA-BH-A18U,BH
TCGA-BH-A18U-01A-21R-A12C-13,Normal,TCGA-BH-A18U,BH
TCGA-BH-A1EN-11A-23R-A13P-13,Tumor,TCGA-BH-A1EN,BH
TCGA-BH-A1EN-01A-11R-A13P-13,Normal,TCGA-BH-A1EN,BH
TCGA-BH-A1EO-11A-31R-A136-13,Tumor,TCGA-BH-A1EO,BH
TCGA-BH-A1EO-01A-11R-A136-13,Normal,TCGA-BH-A1EO,BH
TCGA-BH-A1ET-11B-23R-A136-13,Tumor,TCGA-BH-A1ET,BH
TCGA-BH-A1ET-01A-11R-A136-13,Normal,TCGA-BH-A1ET,BH
TCGA-BH-A1EU-11A-23R-A136-13,Tumor,TCGA-BH-A1EU,BH
TCGA-BH-A1EU-01A-11R-A136-13,Normal,TCGA-BH-A1EU,BH
TCGA-BH-A1EV-11A-24R-A136-13,Tumor,TCGA-BH-A1EV,BH
TCGA-BH-A1EV-01A-11R-A136-13,Normal,TCGA-BH-A1EV,BH
TCGA-BH-A1EW-11B-33R-A136-13,Tumor,TCGA-BH-A1EW,BH
TCGA-BH-A1EW-01A-11R-A136-13,Normal,TCGA-BH-A1EW,BH
TCGA-BH-A1F0-11B-23R-A136-13,Tumor,TCGA-BH-A1F0,BH
TCGA-BH-A1F0-01A-11R-A136-13,Normal,TCGA-BH-A1F0,BH
TCGA-BH-A1F2-11A-32R-A13P-13,Tumor,TCGA-BH-A1F2,BH
TCGA-BH-A1F2-01A-31R-A13P-13,Normal,TCGA-BH-A1F2,BH
TCGA-BH-A1F6-11B-94R-A13P-13,Tumor,TCGA-BH-A1F6,BH
TCGA-BH-A1F6-01A-11R-A13P-13,Normal,TCGA-BH-A1F6,BH
TCGA-BH-A1F8-11B-21R-A13P-13,Tumor,TCGA-BH-A1F8,BH
TCGA-BH-A1F8-01A-11R-A13P-13,Normal,TCGA-BH-A1F8,BH
TCGA-BH-A1FB-11A-33R-A13P-13,Tumor,TCGA-BH-A1FB,BH
TCGA-BH-A1FB-01A-11R-A13P-13,Normal,TCGA-BH-A1FB,BH
TCGA-BH-A1FC-11A-32R-A13P-13,Tumor,TCGA-BH-A1FC,BH
TCGA-BH-A1FC-01A-11R-A13P-13,Normal,TCGA-BH-A1FC,BH
TCGA-BH-A1FE-11B-14R-A13P-13,Tumor,TCGA-BH-A1FE,BH
TCGA-BH-A1FE-01A-11R-A13P-13,Normal,TCGA-BH-A1FE,BH
TCGA-BH-A1FG-11B-12R-A13P-13,Tumor,TCGA-BH-A1FG,BH
TCGA-BH-A1FG-01A-11R-A13P-13,Normal,TCGA-BH-A1FG,BH
TCGA-BH-A1FH-11B-42R-A13P-13,Tumor,TCGA-BH-A1FH,BH
TCGA-BH-A1FH-01A-12R-A13P-13,Normal,TCGA-BH-A1FH,BH
TCGA-BH-A1FJ-11B-42R-A13P-13,Tumor,TCGA-BH-A1FJ,BH
TCGA-BH-A1FJ-01A-11R-A13P-13,Normal,TCGA-BH-A1FJ,BH
TCGA-BH-A1FM-11B-23R-A13P-13,Tumor,TCGA-BH-A1FM,BH
TCGA-BH-A1FM-01A-11R-A13P-13,Normal,TCGA-BH-A1FM,BH
TCGA-BH-A1FN-11A-34R-A13P-13,Tumor,TCGA-BH-A1FN,BH
TCGA-BH-A1FN-01A-11R-A13P-13,Normal,TCGA-BH-A1FN,BH
TCGA-BH-A1FR-11B-42R-A13P-13,Tumor,TCGA-BH-A1FR,BH
TCGA-BH-A1FR-01A-11R-A13P-13,Normal,TCGA-BH-A1FR,BH
TCGA-BH-A1FU-11A-23R-A14C-13,Tumor,TCGA-BH-A1FU,BH
TCGA-BH-A1FU-01A-11R-A14C-13,Normal,TCGA-BH-A1FU,BH
TCGA-BH-A203-11A-42R-A168-13,Tumor,TCGA-BH-A203,BH
TCGA-BH-A203-01A-12R-A168-13,Normal,TCGA-BH-A203,BH
TCGA-BH-A204-11A-53R-A156-13,Tumor,TCGA-BH-A204,BH
TCGA-BH-A204-01A-11R-A156-13,Normal,TCGA-BH-A204,BH
TCGA-BH-A208-11A-51R-A156-13,Tumor,TCGA-BH-A208,BH
TCGA-BH-A208-01A-11R-A156-13,Normal,TCGA-BH-A208,BH
TCGA-BH-A209-11A-42R-A156-13,Tumor,TCGA-BH-A209,BH
TCGA-BH-A209-01A-11R-A156-13,Normal,TCGA-BH-A209,BH
TCGA-E2-A153-11A-31R-A12C-13,Tumor,TCGA-E2-A153,E2
TCGA-E2-A153-01A-12R-A12C-13,Normal,TCGA-E2-A153,E2
TCGA-E2-A158-11A-22R-A12C-13,Tumor,TCGA-E2-A158,E2
TCGA-E2-A158-01A-11R-A12C-13,Normal,TCGA-E2-A158,E2
TCGA-E2-A15I-11A-32R-A136-13,Tumor,TCGA-E2-A15I,E2
TCGA-E2-A15I-01A-21R-A136-13,Normal,TCGA-E2-A15I,E2
TCGA-E2-A15K-11A-13R-A12O-13,Tumor,TCGA-E2-A15K,E2
TCGA-E2-A15K-01A-11R-A12O-13,Normal,TCGA-E2-A15K,E2
TCGA-E2-A15M-11A-22R-A12C-13,Tumor,TCGA-E2-A15M,E2
TCGA-E2-A15M-01A-11R-A12C-13,Normal,TCGA-E2-A15M,E2
TCGA-E2-A1BC-11A-32R-A12O-13,Tumor,TCGA-E2-A1BC,E2
TCGA-E2-A1BC-01A-11R-A12O-13,Normal,TCGA-E2-A1BC,E2
TCGA-E2-A1IG-11A-22R-A143-13,Tumor,TCGA-E2-A1IG,E2
TCGA-E2-A1IG-01A-11R-A143-13,Normal,TCGA-E2-A1IG,E2
TCGA-E2-A1L7-11A-33R-A143-13,Tumor,TCGA-E2-A1L7,E2
TCGA-E2-A1L7-01A-11R-A143-13,Normal,TCGA-E2-A1L7,E2
TCGA-E2-A1LB-11A-22R-A143-13,Tumor,TCGA-E2-A1LB,E2
TCGA-E2-A1LB-01A-11R-A143-13,Normal,TCGA-E2-A1LB,E2
TCGA-E2-A1LH-11A-22R-A14C-13,Tumor,TCGA-E2-A1LH,E2
TCGA-E2-A1LH-01A-11R-A14C-13,Normal,TCGA-E2-A1LH,E2
TCGA-E2-A1LS-11A-32R-A156-13,Tumor,TCGA-E2-A1LS,E2
TCGA-E2-A1LS-01A-12R-A156-13,Normal,TCGA-E2-A1LS,E2
TCGA-E9-A1N4-11A-33R-A14L-13,Tumor,TCGA-E9-A1N4,E9
TCGA-E9-A1N4-01A-11R-A14L-13,Normal,TCGA-E9-A1N4,E9
TCGA-E9-A1N5-11A-41R-A14C-13,Tumor,TCGA-E9-A1N5,E9
TCGA-E9-A1N5-01A-11R-A14C-13,Normal,TCGA-E9-A1N5,E9
TCGA-E9-A1N6-11A-32R-A143-13,Tumor,TCGA-E9-A1N6,E9
TCGA-E9-A1N6-01A-11R-A143-13,Normal,TCGA-E9-A1N6,E9
TCGA-E9-A1N9-11A-71R-A14C-13,Tumor,TCGA-E9-A1N9,E9
TCGA-E9-A1N9-01A-11R-A14C-13,Normal,TCGA-E9-A1N9,E9
TCGA-E9-A1NA-11A-33R-A143-13,Tumor,TCGA-E9-A1NA,E9
TCGA-E9-A1NA-01A-11R-A143-13,Normal,TCGA-E9-A1NA,E9
TCGA-E9-A1ND-11A-43R-A143-13,Tumor,TCGA-E9-A1ND,E9
TCGA-E9-A1ND-01A-11R-A143-13,Normal,TCGA-E9-A1ND,E9
TCGA-E9-A1NF-11A-73R-A14C-13,Tumor,TCGA-E9-A1NF,E9
TCGA-E9-A1NF-01A-11R-A14C-13,Normal,TCGA-E9-A1NF,E9
TCGA-E9-A1NG-11A-52R-A14L-13,Tumor,TCGA-E9-A1NG,E9
TCGA-E9-A1NG-01A-21R-A14L-13,Normal,TCGA-E9-A1NG,E9
TCGA-E9-A1R7-11A-42R-A14L-13,Tumor,TCGA-E9-A1R7,E9
TCGA-E9-A1R7-01A-11R-A14L-13,Normal,TCGA-E9-A1R7,E9
TCGA-E9-A1RB-11A-33R-A156-13,Tumor,TCGA-E9-A1RB,E9
TCGA-E9-A1RB-01A-11R-A156-13,Normal,TCGA-E9-A1RB,E9
TCGA-E9-A1RC-11A-33R-A156-13,Tumor,TCGA-E9-A1RC,E9
TCGA-E9-A1RC-01A-11R-A156-13,Normal,TCGA-E9-A1RC,E9
TCGA-E9-A1RD-11A-33R-A156-13,Tumor,TCGA-E9-A1RD,E9
TCGA-E9-A1RD-01A-11R-A156-13,Normal,TCGA-E9-A1RD,E9
TCGA-E9-A1RF-11A-32R-A156-13,Tumor,TCGA-E9-A1RF,E9
TCGA-E9-A1RF-01A-11R-A156-13,Normal,TCGA-E9-A1RF,E9
TCGA-E9-A1RH-11A-34R-A168-13,Tumor,TCGA-E9-A1RH,E9
TCGA-E9-A1RH-01A-21R-A168-13,Normal,TCGA-E9-A1RH,E9
TCGA-E9-A1RI-11A-41R-A168-13,Tumor,TCGA-E9-A1RI,E9
TCGA-E9-A1RI-01A-11R-A168-13,Normal,TCGA-E9-A1RI,E9
TCGA-GI-A2C8-11A-22R-A16E-13,Tumor,TCGA-GI-A2C8,GI
TCGA-GI-A2C8-01A-11R-A16E-13,Normal,TCGA-GI-A2C8,GI
TCGA-GI-A2C9-11A-22R-A21U-13,Tumor,TCGA-GI-A2C9,GI
TCGA-GI-A2C9-01A-11R-A21U-13,Normal,TCGA-GI-A2C9,GI