﻿mirna_name,Donor,condition
hsa-mir-4539,DO27811,Tumor
hsa-mir-376a-2,DO27811,Tumor
hsa-mir-4537,DO27821,Tumor
hsa-mir-4537,DO27821,Tumor
hsa-mir-4537,DO27825,Tumor
hsa-mir-4537,DO27825,Tumor
hsa-mir-4537,DO27825,Tumor
hsa-mir-4537,DO27825,Tumor
hsa-mir-548ae-2,DO27803,Tumor
hsa-mir-548ae-2,DO27803,Tumor
hsa-mir-5195,DO27805,Tumor
hsa-mir-5195,DO27805,Tumor
hsa-mir-5195,DO27805,Tumor
hsa-mir-4537,DO27799,Tumor
hsa-mir-4537,DO27799,Tumor
hsa-mir-4537,DO27775,Tumor
hsa-mir-4537,DO27775,Tumor
hsa-mir-4537,DO27775,Tumor
hsa-mir-4537,DO27781,Tumor
hsa-mir-4537,DO27781,Tumor
hsa-mir-758,DO27787,Tumor
hsa-mir-758,DO27787,Tumor
hsa-mir-758,DO27787,Tumor
hsa-mir-5195,DO27763,Tumor
hsa-mir-5195,DO27763,Tumor
hsa-mir-5195,DO27763,Tumor
hsa-mir-4539,DO27763,Tumor
hsa-mir-4537,DO27763,Tumor
hsa-mir-4537,DO27763,Tumor
hsa-mir-4537,DO27769,Tumor
hsa-mir-4537,DO27769,Tumor
hsa-mir-4537,DO27769,Tumor
hsa-mir-4537,DO27769,Tumor
hsa-mir-4537,DO27769,Tumor
hsa-mir-4537,DO27769,Tumor
hsa-mir-4539,DO27811_Normal,Normal
hsa-mir-376a-2,DO27811_Normal,Normal
hsa-mir-4537,DO27821_Normal,Normal
hsa-mir-4537,DO27821_Normal,Normal
hsa-mir-4537,DO27825_Normal,Normal
hsa-mir-4537,DO27825_Normal,Normal
hsa-mir-4537,DO27825_Normal,Normal
hsa-mir-4537,DO27825_Normal,Normal
hsa-mir-548ae-2,DO27803_Normal,Normal
hsa-mir-548ae-2,DO27803_Normal,Normal
hsa-mir-5195,DO27805_Normal,Normal
hsa-mir-5195,DO27805_Normal,Normal
hsa-mir-5195,DO27805_Normal,Normal
hsa-mir-4537,DO27799_Normal,Normal
hsa-mir-4537,DO27799_Normal,Normal
hsa-mir-4537,DO27775_Normal,Normal
hsa-mir-4537,DO27775_Normal,Normal
hsa-mir-4537,DO27775_Normal,Normal
hsa-mir-4537,DO27781_Normal,Normal
hsa-mir-4537,DO27781_Normal,Normal
hsa-mir-758,DO27787_Normal,Normal
hsa-mir-758,DO27787_Normal,Normal
hsa-mir-758,DO27787_Normal,Normal
hsa-mir-5195,DO27763_Normal,Normal
hsa-mir-5195,DO27763_Normal,Normal
hsa-mir-5195,DO27763_Normal,Normal
hsa-mir-4539,DO27763_Normal,Normal
hsa-mir-4537,DO27763_Normal,Normal
hsa-mir-4537,DO27763_Normal,Normal
hsa-mir-4537,DO27769_Normal,Normal
hsa-mir-4537,DO27769_Normal,Normal
hsa-mir-4537,DO27769_Normal,Normal
hsa-mir-4537,DO27769_Normal,Normal
hsa-mir-4537,DO27769_Normal,Normal
hsa-mir-4537,DO27769_Normal,Normal
